facility_type,region,mean,std,min,max,range
Hospital,South,19.3811394891945,10.872386004882548,1.0,39.0,38.0
Specialty Center,South,19.742690058479532,11.005988178301651,1.0,39.0,38.0
Specialty Center,West,19.73784355179704,10.806375993703764,1.0,39.0,38.0
Urgent Care,North,20.16078431372549,11.044010518936773,1.0,39.0,38.0
Urgent Care,South,19.88144329896907,11.140224811638713,1.0,39.0,38.0
Urgent Care,West,20.476419634263713,10.99882513786508,1.0,39.0,38.0
